/chemistry-lab-products /chemistry-lab/products 301
/chemistry-lab-products.html /chemistry-lab/products 301
/chemistry-lab-compounds /chemistry-lab/compounds 301
/chemistry-lab-compounds.html /chemistry-lab/compounds 301
/chemistry-lab-elements /chemistry-lab/elements 301
/chemistry-lab-elements.html /chemistry-lab/elements 301
/material-reductions /chemistry-lab/material-reductions 301
/material-reductions.html /chemistry-lab/material-reductions 301
/handles-programming /handles 301
/handles-programming.html /handles 301
/blueprints /modules/blueprints 301
/blueprints.html /modules/blueprints 301
/dynmap-tardis /modules/dynmap-tardis 301
/dynmap-tardis.html /modules/dynmap-tardis 301
/generators /modules/generators 301
/generators.html /modules/generators 301
/tardis-shop /modules/tardis-shop 301
/tardis-shop.html /modules/tardis-shop 301
/vortex-manipulator /modules/vortex-manipulator 301
/vortex-manipulator.html /modules/vortex-manipulator 301
/weeping-angels /modules/weeping-angels 301
/weeping-angels.html /modules/weeping-angels 301
/admin-commands /commands/admin 301
/admin-commands.html /commands/admin 301
/area-commands /commands/area 301
/area-commands.html /commands/area 301
/bind-commands /commands/bind 301
/bind-commands.html /commands/bind 301
/config-commands /commands/config 301
/config-commands.html /commands/config 301
/dev-commands /commands/dev 301
/dev-commands.html /commands/dev 301
/give-commands /commands/give 301
/give-commands.html /commands/give 301
/misc-commands /commands/misc 301
/misc-commands.html /commands/misc 301
/recipe-commands /commands/recipe 301
/recipe-commands.html /commands/recipe 301
/remote-commands /commands/remote 301
/remote-commands.html /commands/remote 301
/player-preferences /commands/player-preferences 301
/player-preferences.html /commands/player-preferences 301
/schematic-commands /commands/schematic 301
/schematic-commands.html /commands/schematic 301
/tardis-commands /commands/tardis 301
/tardis-commands.html /commands/tardis 301
/texture-commands /commands/texture 301
/texture-commands.html /commands/texture 301
/travel-commands /commands/travel 301
/travel-commands.html /commands/travel 301
/configuration-allow /configuration/allow 301
/configuration-allow.html /configuration/allow 301
/configuration-creation /configuration/creation 301
/configuration-creation.html /configuration/creation 301
/configuration-energy /configuration/energy 301
/configuration-energy.html /configuration/energy 301
/configuration-growth /configuration/growth 301
/configuration-growth.html /configuration/growth 301
/configuration-monsters /configuration/monsters 301
/configuration-monsters.html /configuration/monsters 301
/configuration-planets /configuration/planets 301
/configuration-planets.html /configuration/planets 301
/configuration-prefs /configuration/prefs 301
/configuration-prefs.html /configuration/prefs 301
/configuration-preset /configuration/preset 301
/configuration-preset.html /configuration/preset 301
/configuration-rooms /configuration/rooms 301
/configuration-rooms.html /configuration/rooms 301
/configuration-storage /configuration/storage 301
/configuration-storage.html /configuration/storage 301
/configuration-travel /configuration/travel 301
/configuration-travel.html /configuration/travel 301
/custom-rooms /rooms/custom 301
/custom-rooms.html /rooms/custom 301
/room-gallery /rooms/gallery 301
/room-gallery.html /rooms/gallery 301
/gravity-wells /rooms/gravity-wells 301
/gravity-wells.html /rooms/gravity-wells 301
/rail-room /rooms/rail 301
/rail-room.html /rooms/rail 301
/shell-room /rooms/shell 301
/shell-room.html /rooms/shell 301
/smelter /rooms/smelter 301
/smelter.html /rooms/smelter 301
/vault /rooms/vault 301
/vault.html /rooms/vault 301
/zero-room /rooms/zero 301
/zero-room.html /rooms/zero 301